project,cement_cum,steel_mt,brickwork_cum,sand_cum,labor_cost,total_cost
Staff_Quarters_A,1.0,0.05,0.7,2.0,2000.0,224201.0
BITM_Block_A,1.5,0.1,1.0,3.0,3500.0,320000.0
BITM_Block_B,0.8,0.04,0.6,1.5,1800.0,180000.0
BITM_Civil,1.4,0.08,1.0,2.8,3000.0,238388.0
Staff_Plumbing,0.2,0.01,0.1,0.5,12000.0,158103.0
BITM_Plumbing,0.3,0.02,0.15,0.7,25000.0,361781.0
Total_Project,1.9,0.16,1.95,6.0,42000.0,1111374.0
Staff_RCC_Concrete,1.0,0.05,0.0,0.0,1579.0,10833.82
Staff_Earthwork,0.0,0.0,0.0,1.0,0.0,1429.83
Staff_Masonry_Foundation,0.05,0.0,0.2,0.24,900.0,1082.6
,0.2857513994205152,0.0218960015950621,0.1508027393374018,0.6816353377224108,25924.293241579428,30320.73018101509
,1.447348973959914,0.0815018888615729,1.0573872816873815,2.9847046430759376,3421.3715849698915,24531.400108421083
,0.0499657590482469,0.0,0.2132382276708938,0.2546647386914079,1083.0758998559231,2546.657863962571
,0.0,0.0,0.0,0.996463995540937,0.0,896.8175959868433
,1.076975216553588,0.0547388091633614,0.0,0.0,1432.0145469697077,11187.09487944974
,1.0737762178130603,0.0487741443142887,0.0,0.0,1836.7476312802737,11156.70693125232
,1.938390164739426,0.1594714353925665,2.003611025181972,6.445835464206598,40294.42910934751,76936.07702399882
,0.0,0.0,0.0,0.930605807228792,0.0,837.5452265059129
,1.4300297834163964,0.0960918006020623,0.948407138874372,3.31457938457304,4037.4159172984982,25879.95933928345
,0.3201813815796768,0.0185043893361079,0.1577465978554814,0.7437668034074202,27456.052848611856,31891.60751424398
,0.7783706556625967,0.0360183155444128,0.5757159045123734,1.4583139940871317,1438.9632624460169,12144.488121683296
,0.1929216073273515,0.0102657846800326,0.1045865486298991,0.5564914239607603,9318.031263954084,12069.186782256036
,0.9819316792690276,0.0507558299386363,0.0,0.0,1930.0767855360327,10883.609117220223
,0.9341237891022484,0.0482491565339468,0.7224799626662295,1.835995973403476,2458.8744507608003,15877.552456260606
,1.8327675134802244,0.1687675849975781,1.9357371156320955,6.546240657111056,37127.122823812526,73623.5087095286
,1.58080563972635,0.0998291894631165,0.93951684824687,3.2293938982183428,2630.070763211669,25446.825369632177
,1.5419507894921924,0.0918156196617146,0.962578666990762,2.873162588927049,4329.116999351414,26154.390049371264
,0.8284479030342555,0.0399030047954871,0.6025087371999814,1.5207968693091374,1573.334877954757,13003.015180105403
,0.9409222940226922,0.046353160865455,0.672274041290191,2.184926040025626,1556.319472164275,14967.77997169986
,0.3236271765977337,0.0199688761721145,0.1390017698753612,0.6867717283644174,29465.29732454826,33886.67064785092
,0.9866199651145314,0.0475668755906392,0.0,0.0,1808.427497379756,10564.518596854428
,0.2028840712445335,0.0108750244533906,0.0966742374873259,0.5128058496001869,11023.296664984266,13796.970101899682
,1.8784159935715712,0.1551646890463226,1.827152901344289,5.74749758014401,49886.82534302845,84474.57741909359
,0.2924872214759199,0.0218548257692042,0.1559149378241182,0.6187689252153061,22811.964373282764,27208.991148146928
,0.3042922772612197,0.0192143926798081,0.1593380409433417,0.7475786549591009,29415.601321284634,33824.05830751614
,1.0565935782064593,0.0470967834538632,0.6446775753162416,1.7903138176360005,1936.7878238006765,15557.15887050212
,1.5236753523437714,0.107175326977405,1.039365893035775,3.054818680018805,4309.719805502308,27618.69046248932
,0.0,0.0,0.0,0.9581538477155576,0.0,862.3384629440018
,1.0257861659408256,0.0469700329740057,0.0,0.0,1811.7343491751176,10741.460570030062
,1.410847156728592,0.0754602641112889,1.0446355981182514,2.4992901908512777,3571.4764152152247,23563.575628310984
,0.7553320632240539,0.0402998979496291,0.6209441716406203,1.503764722521176,2012.0459492055193,13135.002176063706
,0.7384368963858452,0.0421490119070889,0.5852820177245406,1.43308936457766,1937.7353252994135,12873.118596798113
,0.3012964240526142,0.0194673094841271,0.153287553704503,0.7423136302973986,30995.240542649623,35372.95879776582
,1.3142393792608842,0.0848814752911539,0.9695248232448522,2.9004715121678655,3224.7389055603944,23368.044827428945
,1.9931176936080943,0.1750978902989518,2.019275612780856,6.433823279611058,40993.2117652694,79089.39261020435
,0.0465523272914052,0.0,0.1964714841550908,0.2170188579317521,1067.0309716792997,2402.5074226185143
,0.0,0.0,0.0,1.043464176079124,0.0,939.1177584712116
,0.2141619829200666,0.0100148444122109,0.0947997975509055,0.4819862979991354,14903.664322244422,17642.981094337854
,0.821049905788213,0.0400797845939912,0.572562584492934,1.4091271336902784,2226.366574140068,13392.472028094076
,0.0,0.0,0.0,1.100256663179695,0.0,990.2309968617255
,1.3116253442916277,0.0741679851495692,0.9605689099731288,2.561888790517076,3021.637783957603,22055.596144375853
,1.8298254248780543,0.1556265419889047,1.9496887521393151,5.747761230256511,49139.715366044766,84044.19763395518
,0.1919186356590415,0.0104477261713588,0.1078050279824194,0.4941441413914086,9289.139952801976,12005.885634094975
,1.8387846003140444,0.1619246445872065,1.84020064155329,5.76729332835224,36161.37348725898,71080.88079259751
,0.2995153285911672,0.0189174074285316,0.1434468994871754,0.7686816149481706,23994.139294303055,28303.016622697334
,1.5417182972749397,0.104887995051338,1.0526320278426975,2.9546046804666557,3404.3041295809608,26621.90275589892
,0.3108869309379053,0.018110463647678,0.1568943665129142,0.7479339913925181,27216.115890728983,31572.891707786308
,0.3006023354227089,0.0212963250331232,0.1407295299569914,0.6274704358619071,30756.60056651186,35098.662440737564
,0.0,0.0,0.0,1.0002875474491852,0.0,900.2587927042667
,0.8143092853814395,0.0372653441746925,0.6052898934431108,1.545593680826787,1702.8043235616265,12904.918318626129
,0.3027245594679271,0.0190495007737587,0.1443504677683448,0.7792132729179516,27671.153987696107,32020.47316951653
,0.8164953226406635,0.0372268665921658,0.5759174541066698,1.5470543232608285,1408.944477452693,12489.526847842712
,1.0007502850795216,0.045406508454374,0.6602637735637202,1.866246489628807,2138.765165591717,15472.156147037938
,1.9822461974951344,0.1580709220049114,1.8936942618373855,5.930183653163813,44523.27590775653,80349.38400043923
,0.9858470920621564,0.0490785015980666,0.7384341872422577,1.8442328204441492,2422.0033973447285,16262.420896541144
,0.276750774321462,0.0200259110970713,0.1473594826834929,0.6757762802883088,30153.77510687714,34349.03446677537
,2.018446622491171,0.1710399634596586,1.802179340094031,5.720100105906478,45616.04581375003,81948.19680536655
,0.0,0.0,0.0,1.0899158717621922,0.0,980.9242845859728
,1.9491233299270156,0.1722181503429959,2.0547423872459243,6.1764908164166155,34004.035174205965,71584.66649019587
,0.3133817641777681,0.0210261048439465,0.1390276727455975,0.7816556392955888,20213.42583066712,24737.96747544232
,0.3069343921219594,0.0184049636249452,0.1448877426595842,0.6327872406232468,27057.068236342773,31255.05820528877
,0.0,0.0,0.0,1.0797327629404043,0.0,971.759486646364
,0.9676017168380204,0.0539488013998348,0.6558164946925568,1.992382398019364,1858.686870219998,15701.230795151489
,0.0460498459096201,0.0,0.201720256608436,0.2352366368625054,1109.358513630391,2482.086794047519
,1.024624670801996,0.0548243548263808,0.6463063549512827,2.2111148269355754,2322.9476725092454,16694.470141289672
,0.2941656436645323,0.0204905240211451,0.1416351086836757,0.6490679372247707,28231.739952820288,32505.50680703421
,0.0,0.0,0.0,1.0781568751574258,0.0,970.3411876416832
,0.0,0.0,0.0,0.9338963537789018,0.0,840.5067184010117
,0.9909726648287452,0.0513964510473756,0.0,0.0,1528.373041019035,10576.474270893428
,1.5008370326322713,0.073541579890533,1.0543294492901352,2.5642530326256536,3081.03094952971,23535.855472513213
,0.0463321744566169,0.0,0.2030690731840058,0.2611982418970558,733.5038084981779,2137.2200150449476
,0.049284882543008,0.0,0.1972811574457454,0.2260139944245252,1068.774051571428,2431.0187090458994
,1.4253825284023878,0.0762111769211477,1.0044374863876615,2.561974755893734,3091.4381329360926,23091.570392678404
,0.9778755992891154,0.0533475316565367,0.7433057219105075,2.091576124455633,1511.748736969269,15851.686009624333
,0.0461948124292523,0.0,0.1879020621345787,0.2678835401440496,984.1123267991826,2324.8382608953193
,2.0201271654040225,0.1672423221711909,2.0131586862978637,5.663514289656483,47996.05259117597,84970.09150191268
,0.7476635494745688,0.0421533440613413,0.5809027370920606,1.636130389558447,1624.563677421094,12774.026951341995
,0.0462600977455544,0.0,0.1961162416155762,0.2264510941302629,1113.8739805953437,2454.6335901832235
,0.2815960202262365,0.0194605017781189,0.1535009981884042,0.6164857373263645,29742.208456523484,33898.81334767766
,0.0501917400015321,0.0,0.1898876119174052,0.2418020400303625,708.1215429126132,2056.29220257669
,0.0529223095758398,0.0,0.187776891247714,0.2584437311758085,1116.3586632539286,2485.0267345939887
,0.046646316699653,0.0,0.2118445782256434,0.2295791820696017,716.7584374156975,2133.235045141826
,1.7843800989874887,0.160075234442551,2.087658070128732,5.331946802257725,50470.296111140626,85682.86650416163
,0.782675333952203,0.0415434025599179,0.5838275188798296,1.4115679434186916,1434.3934661328224,12544.780966100248
,1.9684074935370357,0.1592502168512351,2.045191628966074,5.297597534609697,51436.37356987329,87381.33007540951
,0.0,0.0,0.0,0.9177490570243182,0.0,825.9741513218863
,1.3619527679857155,0.0826744099158718,1.0035815470606884,2.6181352652521,3587.0225244588,23737.410142991248
,0.9815536614468128,0.0524432584461088,0.7185142030302818,2.1828067138526124,2484.5385917636836,16751.95177705239
,0.0526376631882483,0.0,0.2111755773228548,0.2611492862709104,683.7671957594321,2158.598798891464
,0.0517209271757524,0.0,0.2145158967535719,0.2269926465969121,724.6832830865227,2178.763299881456
,1.978639581327184,0.1572434243883833,1.9082247124944876,6.312813285189072,37750.12459738991,73908.2251647716
,0.3138316805893478,0.0187159010271765,0.1556322039640533,0.6999976061438432,29956.88099568045,34323.41107419192
,0.9936355021271246,0.0517879887033331,0.0,0.0,1638.1418916398864,10728.296362572391
,1.4298764003074462,0.1081411204218972,1.03474929162631,2.9157369333726737,3986.9446557791375,26701.678339356706
,0.2122905512445436,0.0091169386289178,0.0999847252020278,0.5392440059715325,11228.545319752962,13969.579924405703
,0.197594775204639,0.0107591702641625,0.1059784077138652,0.4463524360847755,12002.78410795614,14721.317317261724
,0.048028717814625,0.0,0.2077702602610761,0.2655242557119889,824.1782572969763,2262.2742065930465
,1.3966824873314896,0.1091867400027251,0.966253690565974,3.28451709445927,2725.184884127802,25354.217357201975
,1.393118611770548,0.0969030420018173,1.0348892967765633,3.34853383752014,2736.905714372467,24852.953308500357
,1.539924364714317,0.1089946219617392,0.9302028268248858,2.9373857093925357,3262.247340834699,26191.014743250456
,1.0133388560625216,0.0483228152068725,0.6559171792311566,2.1061529411834483,1610.9201726993956,15414.045899129647
,1.0378056597323182,0.0467701728244588,0.0,0.0,1902.3387924800004,10884.18201871987
,1.0225288708890437,0.0534223959982845,0.6806394270777641,2.2360225127578617,1909.8354395952483,16348.609632696916
,0.0514869542048976,0.0,0.1903994290877326,0.2481298587933835,900.5384775890367,2263.831029524816
,0.0491256011506122,0.0,0.1994557672655388,0.2272272871184039,710.4724489070381,2082.7187663368936
,0.2151765863321324,0.0095937574977909,0.1068949329950623,0.5159739226523918,14486.627358672937,17287.065337209966
,0.2103650168064767,0.0094897764085631,0.0992352270521577,0.4874422479045867,14593.782760026985,17300.33124591086
,0.0498875002125945,0.0,0.2083763099997778,0.2344507534341816,836.6984557332503,2259.7787799922835
,1.9048717015507932,0.1553184234998609,1.8310336647539895,6.000756832115328,44008.92014502091,78998.33678883727
,1.4665222171852963,0.0855483814256281,1.0345174030053528,2.694004234057174,3041.5359773571004,24175.726995845747
,0.291366121248362,0.0185176719829281,0.1426726360836062,0.6665936293021316,25145.060842853385,29285.772677272493
,0.0,0.0,0.0,1.0941443873960244,0.0,984.729948656422
,0.0523271503706453,0.0,0.2154769109992932,0.2413180840234682,1086.7500868274465,2561.3817889839365
,1.5072565677285812,0.0753425565320766,1.0443218517895343,3.10146419934875,3076.0772142025908,24130.733406421932
,0.7907796954885336,0.0434590969952912,0.6152678109733943,1.5775650396808567,2104.916471926913,13684.85527187728
,1.0296423137117952,0.0518817731154082,0.7025883394626066,1.8715299012420108,2412.7688347900385,16553.55011698303
,0.0,0.0,0.0,0.9933721913865418,0.0,894.0349722478876
,0.9606386741375528,0.0487783676110635,0.6442347836839032,2.052199938877304,1557.3604645037735,15001.3953766019
,0.0489539255804826,0.0,0.1957414752000333,0.2383511147121253,815.7954120159841,2180.3946443497016
,0.8599782151757431,0.0424524140290297,0.5943570969486849,1.3262688528197473,1815.2827623671424,13385.080831672663
,0.2891095330931896,0.0190799677618367,0.1470561073597168,0.7249734464008635,21422.259413862943,25662.18817408356
,1.7981381507249392,0.1729494060138126,1.8902264387575776,6.254201234738819,40493.21359794306,76624.23193357115
,0.2924781103058015,0.018311636424092,0.1408297127068206,0.7014369342851722,30506.752139909833,34662.22324431554
,0.0,0.0,0.0,1.0166093261057505,0.0,914.9483934951752
,0.9221502905880384,0.0469801134826454,0.0,0.0,1203.795972515796,9564.230514535191
,1.3774124625096504,0.077193915516847,1.0009840887401402,2.6024588925178587,2889.767098178557,22715.75113075763
,0.0,0.0,0.0,1.0250984752425514,0.0,922.5886277182964
,1.5783410030262246,0.0985736434521111,1.01450021995699,3.144192674250873,4161.496402781302,27137.55135770556
,1.0080401030164114,0.0531191547346343,0.0,0.0,1624.2552759540165,10886.816673968686
,0.050996665451539,0.0,0.2143669195512011,0.2639512971158269,765.4150565160597,2248.1040218841736
,0.2818942459113742,0.0208463667261377,0.1393470921212854,0.6798907514476507,23389.205755863713,27637.83337005458
,1.5085434279266032,0.1069007801536976,1.0611710033777138,3.019966234618824,3398.909511726187,26672.192102437995
,0.2923635651855686,0.0181265092666894,0.138396301045587,0.7201145364452182,25065.423349621564,29213.165044316287
,0.970995420253934,0.0521376094917696,0.7246926057584875,1.99874074122381,1716.0779066451018,15766.168775480235
,1.0256559014264357,0.045294876323481,0.7142112760902063,2.016336376067317,1947.638554864605,15788.040836220183
,1.5726793704445474,0.1093292556331043,0.9816780826817318,3.159928057199325,3057.144871318182,26621.415926627687
,0.0487405480091458,0.0,0.2107803542117444,0.2228705948905039,839.5390405278482,2256.707183932454
,0.1886751392665581,0.0093433471887546,0.0982419697027462,0.4468383352647738,11450.96982522194,13986.960759801492
,1.499962082249856,0.0924738565468789,1.0043156523488712,2.6728120826714927,2895.60137229228,24543.514092922276
,0.7490322705090338,0.0416580118520999,0.5601094645451533,1.3539646016197424,1632.4419218552705,12407.240971212914
,0.0486113646145538,0.0,0.2153213080107385,0.2299805338685768,1070.0354334703134,2513.326305380402
,0.2021516956254192,0.0097921530862731,0.1008525304042123,0.5542277085163448,9401.974973033342,12151.901339495931
,0.9441942286846124,0.0478637020101022,0.0,0.0,1571.2644552753768,10114.791853747902
,0.0,0.0,0.0,1.093820843246425,0.0,984.4387589217824
,0.0,0.0,0.0,0.9291609971571484,0.0,836.2448974414335
,1.9256762775323155,0.1486816917165297,1.8886301748170544,6.3521111931067225,43449.41231631637,78664.08612337397
,0.8503233607199239,0.0377382777428816,0.6375492536169366,1.533672556086376,1760.2094085378335,13327.944276253083
,0.9820488399686268,0.0471625777924387,0.0,0.0,1753.8556810646862,10456.504746362849
,1.3750874595140965,0.0843291351827057,1.0115445318554244,2.8890177185265844,3340.588353940191,23958.675184080457
,0.3154540733001736,0.0181798525348025,0.153484460484995,0.768815241131891,28672.65419449081,33062.85506427912
,1.0715208206679796,0.047774346604104,0.0,0.0,1551.6186941199674,10789.187470081142
,0.0,0.0,0.0,0.9320174096319636,0.0,838.8156686687673
,0.9452199947785526,0.0464687686180306,0.0,0.0,1540.750224828267,9992.273999372454
,1.0112605023580596,0.0547114158647649,0.7249419453015826,2.1773900581906287,2046.3075476352517,16659.929227366814
,1.0736836789032689,0.0540402308705224,0.0,0.0,1946.356654569685,11634.433049474232
,0.2878091028695536,0.0217502934092688,0.1484173969289089,0.6355259900180013,29098.152876897693,33443.47515852535
,0.0527312639595954,0.0,0.2114144777891451,0.2350913068173035,1123.8693890676789,2576.83866703218
,1.4930328297115916,0.0749984961948954,1.0444528882150808,2.6617712667449065,3488.6994601501156,24045.90689424483
,1.794686360088031,0.1564789875583809,2.061732717940183,5.552944440514182,48114.53386711733,83214.28520388177
,0.9506758046877396,0.052084899802933,0.6895030564888821,1.9282686487599665,2294.177348876972,16007.042798948794
,0.0,0.0,0.0,0.9786114440491752,0.0,880.7502996442576
,0.0,0.0,0.0,0.9340995320246532,0.0,840.6895788221879
,0.9692442413704316,0.0484609234591363,0.0,0.0,1243.817784390209,9966.92575406713
,0.9317742180317348,0.0468112491082954,0.0,0.0,1569.2201746620403,9970.765811417265
,0.0,0.0,0.0,1.017053836447394,0.0,915.3484528026546
,0.3101588352521918,0.0202017781573829,0.1530803753955409,0.7190942042054398,21839.65768463832,26295.70222260701
,0.9344098965150548,0.0539646391022682,0.6905290587408988,1.93573290577253,1848.9180392889364,15615.237586809835
,1.988944398261466,0.148099335679623,2.0114710392654,6.58984544553255,39367.30398577288,75655.93225145814
,1.4273137448821518,0.0797753367080158,0.972335341144792,2.5797948085678826,2993.918323633512,23125.741852909112
,0.8184431407920499,0.0366986077912904,0.6253805538086731,1.561478928716821,2062.2415118578806,13352.124859588655
,0.2016740345413243,0.0095991927700806,0.0941459908650821,0.553327094477576,9964.88660777201,12667.68863557763
,0.8195430959406617,0.0424895413590852,0.580287056883912,1.456568375820789,2199.6729733001744,13603.631190326098
,0.0,0.0,0.0,1.0978808210451578,0.0,988.092738940642
,1.9758608812720873,0.1728089016830711,2.0330407292065544,5.625747164807957,48851.87031844848,86027.5840130166
,1.3465254555386277,0.0746063184108161,0.9696365884086602,2.806733098006029,3299.7326494789495,22817.48937974293
,0.1922601488326948,0.0109598826615039,0.0936362825668329,0.5118347284017205,13457.3567537987,16163.993885796091
,0.963679693487176,0.0533146329394449,0.0,0.0,1438.007467430327,10470.270087370944
,1.3170891540362626,0.0778162115020002,1.0695557350262606,3.089213054453693,3419.22983289221,23703.64754185817
,0.0,0.0,0.0,1.037968492108159,0.0,934.1716428973428
,0.2011217537513756,0.0090387750937856,0.0974458689583418,0.4475629275042926,13081.01951736058,15661.216464624544
,0.8232964426286009,0.0360529407611613,0.5632624426325282,1.5447172693370077,1845.5322625365332,12822.29508452482
,1.0792398871647972,0.0461087936152193,0.702565925466824,1.769238650347137,1581.0540476410597,15498.35043002593
,1.0177481317235466,0.0457321514191994,0.7477281225451888,2.124127428806224,2404.962158827718,16480.318720030133
,0.2842570199881259,0.0208958158007375,0.153612279521786,0.6921894372592883,26305.346446027703,30645.69291339542
,1.041497313000113,0.0500533528462452,0.0,0.0,1509.228787826675,10741.198708564463
,0.2974278512664008,0.0207563521817151,0.1468931349651476,0.7590704668357959,21583.406297751928,26016.386659932577
,0.2974543861247416,0.0206007281959358,0.1382252290298319,0.6639834109202569,25114.570089238703,29412.218787102764
,1.6179384233351897,0.1083223346603941,1.048549326020327,3.1732539547035685,4263.45963976941,28319.08492066523
,0.7819079652337018,0.0386597999181302,0.5820252357632256,1.345629251383501,1952.1433455189951,12789.00303575314
,0.8498725853881729,0.0374583080635145,0.5963095277030367,1.5945783703979055,1689.0204033745265,13103.914595477278
,0.9448567180589216,0.0542301570663801,0.0,0.0,1560.9375595619358,10553.760503532616
,0.9969438614970436,0.054951023976189,0.7202329224355338,2.060049975587303,2204.1639114929603,16629.01995704841
,1.7913917217821085,0.1684793180225472,1.9447684092077304,5.87724027703458,45670.806799778504,81357.98762192432
,0.0,0.0,0.0,1.10015249549874,0.0,990.137245948866
,1.3721811477224066,0.0737151976093546,0.9522488142174576,2.9675303538042597,2895.6853730865223,22558.642500616977
,1.4940902596132657,0.0929181611686245,1.0622732447384196,3.0406518589508544,3953.282026750544,26191.866010805883
,0.8238496414410762,0.0363341602330378,0.603793789504966,1.6681406906647958,1406.0766780421825,12699.039596651412
,0.2942488252633222,0.0204249965695015,0.1507963743848118,0.6908838274361931,30723.70697918023,35072.20440741784
,0.1881306418498405,0.0092143026946852,0.1027156592104946,0.4400973792896244,12180.830305198402,14718.85813180838
,0.7640679357751592,0.0378440192867998,0.6044768030069583,1.531187009530711,2157.196831897038,13106.865750845356
,1.3708948877137812,0.0753079127164267,1.003457444309433,3.026581513344889,3296.4339556008545,23347.39158957937
,0.3190934143880784,0.0183915799363302,0.1394789370887244,0.6820323264520175,25060.755941022217,29344.664626405844
,0.3082436465894902,0.0214132284997289,0.1445893363934142,0.6368970168747986,26731.843940537325,31149.96932071823
,0.0,0.0,0.0,0.9544340245635812,0.0,858.9906221072231
,0.8060777700416346,0.0379642103802323,0.5584247489174831,1.365860556106157,2224.184394028881,13057.292726498348
,1.064423129916368,0.0547845911933116,0.6835986331707391,1.935960155744364,2024.4708140785049,16532.2774015886
,1.0373310491010077,0.0536838541543711,0.7298026639384337,2.164371632159425,1796.9332599898207,16492.17027751778
,0.0,0.0,0.0,0.947669193409536,0.0,852.9022740685824
,0.926928742912769,0.0495508688532554,0.6486905914915639,2.223088495152946,2061.4470192150943,15548.003232312894
,1.0600838641534494,0.0527550600580981,0.0,0.0,1228.6138638819627,10751.929320792802
,1.4880633162308812,0.1056097434038428,0.94411766970821,3.119526355012707,3551.29138923457,26184.4248999718
,0.0537736226854045,0.0,0.1972482573243227,0.251539313700503,887.4716303862522,2297.229095445882
,0.1954406169410084,0.009605816395391,0.1056850514905494,0.5198224860235195,9722.689724223352,12413.443234204917
,0.9339552547113824,0.0514915478406886,0.0,0.0,1639.6478530884388,10380.810102849246
,0.2850282513187641,0.0192332728212005,0.1389514158601175,0.6854709015102713,26003.71109021935,30159.90075268636
,0.9982038075475892,0.0490323255826506,0.7378001853426152,2.0112576864972893,1930.6773573950884,15983.293841581706
,0.2137366747758814,0.0108318406971862,0.1037047741944584,0.4591485966237092,9550.52528672527,12364.211067632055
,0.9887258171825412,0.0547479892090621,0.7380460390916556,1.884561057437615,2033.274504087656,16320.937870832286
,0.2013494577913329,0.0100623653207462,0.1011162564167829,0.5120518615730076,11661.733398793856,14389.390818389653
,1.4339046343799935,0.099725296570219,1.07013073714809,2.66070108343216,4068.408699635114,26145.87424089576
,0.3184456194600131,0.0198853138577092,0.1514659115838691,0.6548990694724647,27288.62951304489,31703.058154767237
,1.0116442645280714,0.0502192155094763,0.6930808786036144,2.1977286511736076,2439.4538977042253,16615.662178044477
,1.524731962903525,0.1068970198094068,1.0129903069798056,2.722777270713924,2923.4839991214153,25801.25710680093
,0.0516908818193377,0.0,0.18995598238217,0.2223065104058963,937.7119726372296,2276.889602728659
,0.0472796835216511,0.0,0.188547563450388,0.2149360956229335,759.9431751101345,2061.8879560666023
,1.8656683122869144,0.1457337579872141,2.0434044392600987,5.331714757829277,46086.34979173096,80542.75182713076
,0.9566616833477238,0.054058500700559,0.0,0.0,1253.3145380609485,10299.048845512563
,0.2883136534424554,0.0219158529952942,0.1552548241976585,0.745680772673004,19453.91821173603,23943.512419635295
,0.0,0.0,0.0,0.8829244771073071,0.0,794.6320293965764
,0.0,0.0,0.0,1.0246986254056676,0.0,922.2287628651007
,0.9239025322649748,0.0516093514259522,0.7055740934540455,2.035943092874841,1881.8570920486395,15583.407823453224
,0.7582938929794905,0.0413528177553694,0.5653444780664278,1.6022341565410327,2216.473800306813,13267.848346755723
,1.598888673481046,0.0985568389913136,0.93409714235624,3.1232980763489095,3763.311837740197,26470.583680595
,1.4612801292441264,0.0735369141225983,0.959134548069248,2.59748805609818,3097.9761331217037,22936.44554934626
,0.927129082889144,0.0450451391491712,0.0,0.0,1364.4555682115215,9616.825264543804
,0.7987891592139145,0.0367645659415679,0.628929150792402,1.6574968852154537,1531.7935436041123,12820.581910450112
,0.2128060705074882,0.0094167616721178,0.1007488415930218,0.4554169111124595,11548.025734592164,14240.877446601413
,1.059522650297841,0.0460314231116044,0.6627243079470965,2.0098252492621738,1667.0824687199763,15507.758773268308
,0.1961221441511235,0.0095294654058681,0.1049922716717774,0.5284716114630177,13209.739645314272,15903.563689395938
,0.305743011217445,0.0219849208509617,0.1381582010959895,0.6662010134691412,23593.188621665333,28035.012459982787
,1.9113298852440728,0.1559165965753201,1.914692887843108,5.393810378449508,36546.64049484632,71443.66395985967
,1.9119616705286555,0.1632230134117192,2.088915482745536,5.489521434690628,45932.75387238601,82214.84296269045
,0.7740781374889958,0.0406175975488353,0.6315624648798324,1.3327615771809338,1415.8618974302597,12558.039993460296
,1.5630159581488108,0.1012979785233775,1.0794237995491311,3.0507947150448445,2907.123427947846,26197.692035914184
,0.1904840102621718,0.0108177015263176,0.0940806897883493,0.4471870916794725,11157.982966222657,13788.715616065938
,0.9622435001742866,0.0545740844744735,0.6474492025146626,2.039525347370436,2135.7162652335414,15997.335653354638
,0.3195454745398255,0.0204291902622071,0.1503108773828519,0.7619663962698775,22852.194540376186,27401.906673565452
,0.743964499252693,0.0419425243979145,0.6329873129676069,1.4866557953020412,1701.7942158038188,12916.008793673716
,1.751418490501598,0.1674341610900997,1.8090790460974353,6.117578090198972,49646.690224235484,84646.55918691879
,0.215042843254287,0.0100100578007084,0.1054972931611115,0.5536703879363171,13295.9735106558,16152.454362971655
,1.5217925318453758,0.1099785507068907,1.026497816372463,3.211904371470986,2792.552351664655,26370.863934296547
,1.4909506407296589,0.0737333541223398,0.9486083162904388,2.6746299588858413,2492.5442009852304,22530.01189986637
,1.7681877297101325,0.1528148521666517,1.9740409536211403,6.114781705072905,37954.73717333143,72763.29716426352
,0.2129771732498565,0.0109532683637037,0.100742204943226,0.4943035868894478,14042.891953212398,16879.208341990892
,0.0,0.0,0.0,0.937217547293876,0.0,843.4957925644883
,1.4506563710304277,0.0878586916133629,1.0263763022224168,2.580994584816031,3676.295357103043,24746.602297041107
,0.8515976638939083,0.0381418125446696,0.6108110625470232,1.567799627909067,1887.724661033821,13401.108137156953
,0.0536348176445817,0.0,0.208505759884438,0.2643651464195212,771.0384487284973,2242.234497031237
,0.1952973466598042,0.0104021664533623,0.0953995789983011,0.4785253714450589,11444.443694058316,14106.70169221551
,0.931525203786558,0.0522343282414714,0.0,0.0,1657.4060889299967,10437.197686659065
,1.9115273591208424,0.1540009360828939,2.105652556082352,6.608657679639517,51351.958560925945,88068.6529759393
,0.9534991524119782,0.0490386897629263,0.7370708744563259,1.9637349915983984,1548.595942918451,15309.729992081202
,0.052612482154094,0.0,0.207815664371353,0.2426885385598637,1073.019828035127,2515.9786542576103
,1.0112533440607587,0.0535662733576571,0.6608714136260146,2.102936103021804,2226.575786074256,16404.672167481123
,0.7401467166352103,0.0436550690712169,0.5758821965688057,1.5835451103165794,1998.8396458738175,13142.161906197203
,0.0,0.0,0.0,0.943116632510584,0.0,848.8049692595257
,0.2034711190030357,0.0105012078810081,0.1060287791878739,0.4482983953055974,9661.076686321883,12395.85045462962
,0.0526022009229052,0.0,0.1959974543355859,0.2301847780927092,1110.8377040346238,2489.304653904178
,1.0650623687979084,0.0523962744183882,0.7170384241501571,1.9998764044410624,1543.216138512733,16095.360048861074
,0.2975129495255885,0.0191212776466957,0.1597787707272117,0.6931178657912894,30283.986584998067,34601.607790142116
,0.0529899028141121,0.0,0.2154662681681151,0.2470363718394999,867.8576418193921,2351.2330487090776
,0.0501282210420169,0.0,0.1848327325810572,0.2395816263476539,820.2274271271159,2143.303403185855
,0.97930380138507,0.0471805725140086,0.7098774423546312,2.0662464985322275,1665.6834778145956,15408.56480068793
,0.0530096115105839,0.0,0.1956344165589556,0.2158135850712959,1067.2265372413904,2433.366501629069
,0.0,0.0,0.0,0.8892192628175712,0.0,800.2973365358141
,0.2760696348641669,0.021121645001735,0.1480364158955846,0.6499243996195772,22622.614294967894,26870.60826803002
,1.387043422703463,0.0769902742414931,0.9683667162983444,2.6942698110600496,3066.6629015846443,22867.21397665481
,1.0166108514305912,0.0532464691171395,0.0,0.0,1295.592193519993,10614.20471458801
,1.0537062043347292,0.0541680748542762,0.0,0.0,1601.547975233574,11188.697338873922
,0.0474418564562112,0.0,0.2052052831839048,0.216519444820606,1117.3604692118106,2496.58195438709
,0.9983923000175794,0.0472156317668125,0.6923229749608565,1.8378538137825768,2419.7384733965173,15985.512166898256
,0.1963770055246032,0.0107659239617995,0.1078113422110867,0.4726696582760178,10829.22918409708,13573.471124206677
,1.015128788400007,0.0506423943213731,0.6466616450883821,2.220920426290202,1635.467124759003,15672.44885001406
,1.0123950052307134,0.0458605958112743,0.0,0.0,1622.7548985946885,10401.169134152811
,0.2906487895929986,0.0219035034654059,0.1472782888282562,0.7201870255372417,18755.31339686442,23198.047604915
,1.2972476296617157,0.0721832112320302,1.0734476827631276,2.8360838134130217,3647.033294916815,23217.71004880416
,1.0750151287464338,0.0478462745821004,0.7041709535796785,2.0512751409020704,1727.4842488610238,16004.22359563386
,0.0479962374364831,0.0,0.1859313277302895,0.2243546162154048,680.7276010948226,1983.3170363756471
,0.8027721836127019,0.0368922113769089,0.6259814321057119,1.3740803702682267,1917.0737893140229,12968.36437328462
,0.3207097724625834,0.0211076290960633,0.1400106185911812,0.7587711658635123,23092.16155488291,27646.54117308903
,0.2792210611800686,0.0214080576353397,0.1554711707316829,0.7444627481203068,30881.42654515087,35285.34315771588
,1.04679046651803,0.0480217249087362,0.6681963712269365,2.008130164093865,1871.760818393719,15804.829946060116
,0.0518379893522391,0.0,0.1941135304022883,0.2180229522622082,791.7077762406796,2146.54826152428
,0.7807585995643695,0.040844252323252,0.5827569807681071,1.4782366964474465,1945.054664061408,13051.144064552269
,1.4401929181950766,0.1095410092568565,1.0663974593780317,2.932277597495507,4093.324836266562,27120.094939266542
,1.4887796345353002,0.0748805439343866,1.0471964909069933,2.900328871046534,2404.0928273434592,23156.699085718024
,0.0,0.0,0.0,1.0330259103483597,0.0,929.7233193135236
,1.0031506865027415,0.053550551903391,0.0,0.0,1216.4913923694116,10482.358801371864
,0.2813056915061568,0.0186224254852824,0.1452231368588198,0.6968538399730176,22677.241962888107,26808.665621982145
,0.9521674351639304,0.0520538715839561,0.0,0.0,1264.8667571704932,10145.558661449044
